1880,"",Spanish,"",Drawings and Prints,false,false,1700,336420,Drawing
1999,"","American, born Lithuania","",Drawings and Prints,false,false,1960,337297,Print
1932,"",French,"",Drawings and Prints,false,false,1853,337388,Print
1953,"",Austrian,"",Drawings and Prints,false,false,1810,337407,Drawing
1924,"",French,"",Drawings and Prints,false,false,1555,336828,Print
1959,"",French,"",Drawings and Prints,false,false,1816,336858,Drawing
1978,"",French,"",Drawings and Prints,false,false,1842,336898,Print
1937,"",Italian,"",Drawings and Prints,false,false,1755,337060,Print
1916,Female,American,"",Drawings and Prints,true,true,1891,337064,Print
1975,"",French,"",Drawings and Prints,false,false,1750,337201,Drawing
1971,"",French,"",Drawings and Prints,false,false,1799,337208,Drawing
1999,"",American,"",Drawings and Prints,false,false,1928,337974,Print
1880,"",Italian,"",Drawings and Prints,false,false,1663,338011,Drawing
1995,"",Italian,"",Drawings and Prints,false,false,1565,338108,Drawing
1965,"",French,"",Drawings and Prints,false,false,1799,339942,Drawing
1970,"",French,"",Drawings and Prints,false,false,1843,335086,Book
1968,"",German,"",Drawings and Prints,false,false,1899,335094,Book
1975,"",Dutch,"",Drawings and Prints,false,false,1891,335100,Drawing
1969,"",French,"",Drawings and Prints,false,false,1885,335136,Book
1969,"",French,"",Drawings and Prints,false,false,1885,335140,Book
1939,"",Spanish,"",Drawings and Prints,false,false,1845,335165,Drawing
1965,"",Italian,"",Drawings and Prints,false,false,1733,335210,Print
1961,"",Italian,"",Drawings and Prints,false,false,1786,335218,Print
1939,"",Spanish,"",Drawings and Prints,false,false,1845,335290,Drawing
1975,"",Spanish,"",Drawings and Prints,false,false,1795,335302,Drawing
1964,"",German,"",Drawings and Prints,false,false,1775,335323,Drawing
1937,"",French,"",Drawings and Prints,false,false,1500,338303,Book
1931,"",French,"",Drawings and Prints,false,false,1525,338305,Book
1956,"",Spanish,"",Drawings and Prints,false,false,1736,336637,Drawing
1962,"",Italian,"",Drawings and Prints,false,false,1689,338672,Drawing
1936,Female,American,"",Drawings and Prints,false,false,1896,339478,Print
1909,"",French,"",Drawings and Prints,false,false,1906,339730,Drawing
1880,"",Italian,"",Drawings and Prints,false,false,1700,339986,Drawing
1880,"",Italian,"",Drawings and Prints,false,false,1600,340227,Drawing
1953,"",Italian,"",Drawings and Prints,false,false,1586,341248,Print
1989,"",Italian,"",Drawings and Prints,false,false,1635,339342,Drawing
1975,"",Italian,"",Drawings and Prints,false,false,1554,340814,Drawing
1914,"",British,"",Drawings and Prints,false,true,1810,340852,Drawing
1880,"",Italian,"",Drawings and Prints,false,false,1619,340890,Drawing
1980,"",Italian,"",Drawings and Prints,false,false,1715,340905,Drawing
1974,"",French,"",Drawings and Prints,false,false,1780,338329,Drawing
1887,"",Italian,"",Drawings and Prints,false,false,1585,338339,Drawing
1972,"",American,"",Drawings and Prints,false,false,1882,338390,Book
1971,"",Italian,"",Drawings and Prints,false,false,1749,338585,Drawing
1880,"",Italian,"",Drawings and Prints,false,false,1660,338604,Drawing
1880,"",Italian,"",Drawings and Prints,false,false,1705,338902,Drawing
1880,"",Italian,"",Drawings and Prints,false,false,1600,342136,Drawing
1880,"",Italian,"",Drawings and Prints,false,false,1800,342145,Drawing
1880,"",Italian,"",Drawings and Prints,false,false,1700,342211,Drawing
1984,"",American,"",Drawings and Prints,false,false,1943,342357,Print
1996,"",Flemish,"",Drawings and Prints,false,true,1605,342377,Drawing
1880,"",French,"",Drawings and Prints,false,false,1719,339834,Drawing
1880,"",French,"",Drawings and Prints,false,false,1799,339900,Drawing
1880,"",Italian,"",Drawings and Prints,false,false,1800,342003,Drawing
1970,"",French,"",Drawings and Prints,false,false,1777,341326,Drawing
1983,"",Italian,"",Drawings and Prints,false,false,1660,341577,Drawing
1993,"",French,"",Drawings and Prints,false,false,1850,341603,Print
1954,"",French,"",Drawings and Prints,false,false,1961,341605,Drawing
1950,"","British, Welsh","",Drawings and Prints,false,false,1785,341626,Drawing
1937,"",British,"",Drawings and Prints,false,false,1900,341633,Drawing
1926,"","","",Drawings and Prints,false,false,1600,342687,Print
1965,"",Italian,"",Drawings and Prints,false,false,1780,340705,Drawing
1949,"",Italian,"",Drawings and Prints,false,false,1700,343221,Drawing
1927,"",Italian,"",Drawings and Prints,false,false,1588,341085,Print
1978,"",Italian,"",Drawings and Prints,false,false,1661,341148,Drawing
1984,"",Italian,"",Drawings and Prints,false,false,1598,341164,Drawing
1953,"",Italian,"",Drawings and Prints,false,false,1582,341190,Print
1947,"",French,"",Drawings and Prints,false,false,1947,343667,Drawing
1928,"",German,"",Drawings and Prints,false,false,1725,343687,Book
1970,"",American,"",Drawings and Prints,false,false,1969,342052,Print
1929,"",French,"",Drawings and Prints,false,false,1926,344615,Print
1941,"",Italian,"",Drawings and Prints,false,false,1565,344644,Book ; Ornament and architecture
1970,"",French,"",Drawings and Prints,false,false,1905,344671,Portfolio Print Ornament & Architecture
1944,"",French,"",Drawings and Prints,false,false,1870,344683,Book
1953,"",American,"",Drawings and Prints,false,false,1872,344725,Book
1967,"",Italian,"",Drawings and Prints,false,false,1880,344741,Drawing
1920,"",Italian,"",Drawings and Prints,false,false,1520,342893,Print
1925,"",Italian,"",Drawings and Prints,false,false,1513,345127,Book
1942,"",Netherlandish,"",Drawings and Prints,false,false,1605,344169,Book
1948,"",Netherlandish,"",Drawings and Prints,false,false,1571,344212,Book
1972,"",Italian,"",Drawings and Prints,false,false,1756,344382,Drawing
1972,"",Italian,"",Drawings and Prints,false,false,1756,344430,Drawing
2001,"",Italian,"",Drawings and Prints,false,false,1540,343770,Drawing
1960,"",British,"",Drawings and Prints,false,false,1905,346193,Book
1933,"",Italian,"",Drawings and Prints,false,false,1574,346208,Book
1930,"",British,"",Drawings and Prints,false,false,1835,346224,Album ; Drawing ; Ornament and Architecture
1989,"",Italian,"",Drawings and Prints,false,false,1932,346262,Drawing Ornament & Architecture
1952,"",Italian,"",Drawings and Prints,false,false,1725,346347,Drawing Ornament & Architecture
1934,"",Roman,"",Drawings and Prints,false,false,1676,345891,Book
1960,"",French,"",Drawings and Prints,false,false,1890,345960,Book
1931,"","","",Drawings and Prints,false,false,1515,344984,Book
1925,"",Italian,"",Drawings and Prints,false,false,1507,345002,Book
1917,"",French,"",Drawings and Prints,false,false,1856,346854,Drawing
1960,"",British,"",Drawings and Prints,false,false,1836,346877,Book
2001,"",Italian,"",Drawings and Prints,false,false,1520,346904,Drawing
1937,"",French,"",Drawings and Prints,false,false,1756,347057,Book ; Ornament and Architecture
1948,"","","",Drawings and Prints,false,false,1910,345321,Book
1967,"",French,"",Drawings and Prints,false,false,1928,345361,Book
1924,"",American,"",Drawings and Prints,false,false,1864,345375,Book
1967,"",French,"",Drawings and Prints,false,false,1879,345559,Drawing Ornament & Architecture
1963,"",French,"",Drawings and Prints,false,false,1795,345596,Drawing
1975,"",Dutch,"",Drawings and Prints,false,false,1667,347920,Drawing
1958,"",French,"",Drawings and Prints,false,false,1810,344443,Book ; Ornament and architecture
1933,"",French,"",Drawings and Prints,false,false,1730,347391,Book
1954,"",British,"",Drawings and Prints,false,false,1762,347631,Book
1933,"",British,"",Drawings and Prints,false,false,1761,347701,Print
1925,"",German,"",Drawings and Prints,false,false,1551,346036,Book
1922,"","American, born Germany","",Drawings and Prints,false,false,1906,346050,Book
1928,"",Russian,"",Drawings and Prints,false,false,1904,346084,Book
1917,"",Italian,"",Drawings and Prints,false,false,1866,348369,Book
1961,"",French,"",Drawings and Prints,false,false,1900,348397,Book
1970,"",British,"",Drawings and Prints,false,false,1879,348406,Book
1952,"",French,"",Drawings and Prints,false,false,1950,348424,Book
1962,"",French,"",Drawings and Prints,false,false,1900,348455,Book
1960,"",American,"",Drawings and Prints,false,false,1884,348471,Book
1970,"",British,"",Drawings and Prints,false,false,1900,348521,Book
1949,"",American,"",Drawings and Prints,false,false,1879,348542,Book
1958,"",French,"",Drawings and Prints,false,false,1739,348581,Book
1960,"",American,"",Drawings and Prints,false,false,1902,346605,Book
1948,"",American,"",Drawings and Prints,false,false,1897,346628,Book
1961,"",American,"",Drawings and Prints,false,false,1960,346647,Book
1950,"",German,"",Drawings and Prints,false,false,1871,346707,Book
1945,"",Swiss,"",Drawings and Prints,false,false,1589,349493,Book
1963,"","","",Drawings and Prints,false,false,1869,349570,Book
2001,"",French,"",Drawings and Prints,false,false,1893,348180,Print
1962,"",Japanese,"",Drawings and Prints,false,false,1850,348274,Book
1941,"",American,"",Drawings and Prints,false,false,1892,350132,Book
1931,"",British,"",Drawings and Prints,false,false,1814,347174,Book
1960,"",British,"",Drawings and Prints,false,false,1869,347258,Book ; Ornament and Architecture
1931,"",Italian,"",Drawings and Prints,false,false,1750,347280,Book
1946,"",French,"",Drawings and Prints,false,false,1679,348915,Book
1927,"",French,"",Drawings and Prints,false,false,1715,348926,"Book
Print
Ornament & Architecture"
1969,"",French,"",Drawings and Prints,false,false,1886,349046,Book
1933,"",American,"",Drawings and Prints,false,false,1872,351383,Book
1946,"",American,"",Drawings and Prints,false,false,1869,347781,Book
1941,"",Italian,"",Drawings and Prints,false,false,1549,350547,Book
1970,"",Dutch,"",Drawings and Prints,false,false,1800,350552,Drawing
1933,"",British,"",Drawings and Prints,false,false,1855,350575,Book
1954,"",American,"",Drawings and Prints,false,false,1950,350709,Book
1952,"",American,"",Drawings and Prints,false,false,1927,350744,Book
1926,"",French,"",Drawings and Prints,false,false,1633,350817,Print
1974,"",American,"",Drawings and Prints,false,false,1847,350894,Book
1967,"",German,"",Drawings and Prints,false,false,1875,350896,Book
1927,"",Flemish,"",Drawings and Prints,false,false,1639,349731,Book
1932,"",French,"",Drawings and Prints,false,false,1800,349937,Book
1968,"",German,"",Drawings and Prints,false,false,1879,352664,Book
1958,"",French,"",Drawings and Prints,false,false,1920,350380,Book
1986,"",British,"",Drawings and Prints,false,false,1894,350383,Book
1974,"",Italian,"",Drawings and Prints,false,false,1852,350413,Book
1954,"",American,"",Drawings and Prints,false,false,1845,352194,Book
2002,Female,British,"",Drawings and Prints,false,false,1886,352337,Drawing ; Ornament and architecture
1932,"",American,"",Drawings and Prints,false,false,1863,349231,Print
1942,"",Italian,"",Drawings and Prints,false,false,1588,349272,Book
1962,"","","",Drawings and Prints,false,false,1925,349288,Book
1954,"","American, born England","",Drawings and Prints,false,false,1891,349301,Print
1933,"",British,"",Drawings and Prints,false,false,1820,349308,Book ; ornament and architecture
1921,"",Italian,"",Drawings and Prints,false,false,1529,349352,Books Prints Ornament & Architecture
1956,"",American,"",Drawings and Prints,false,false,1891,349414,Book
1965,"",American,"",Drawings and Prints,false,false,1900,351668,Book
1922,"","","",Drawings and Prints,false,false,1911,351703,Book
1957,"",French,"",Drawings and Prints,false,false,1776,351884,Book
1956,"",British,"",Drawings and Prints,false,false,1900,351926,Book
1953,"",French,"",Drawings and Prints,false,false,1770,351942,Book
1924,"",British,"",Drawings and Prints,false,false,1774,351469,Book
1961,"",American,"",Drawings and Prints,false,false,1900,353454,Book
1966,"",Russian,"",Drawings and Prints,false,false,1929,350921,Book
1940,"",French,"",Drawings and Prints,false,false,1745,353873,Book
1924,"",British,"",Drawings and Prints,false,false,1811,354047,Book
1938,"",Italian,"",Drawings and Prints,false,false,1748,352957,Book
1935,"",French,"",Drawings and Prints,false,false,1752,352986,Book
1925,"",Russian,"",Drawings and Prints,false,false,1925,353144,Book
1970,"",Venezuelan,"",Drawings and Prints,false,false,1968,353210,Book
1943,"",British,"",Drawings and Prints,false,false,1730,355417,Book
1973,"",Afghani,"",Drawings and Prints,false,false,1972,352511,Book
1963,"",British,"",Drawings and Prints,false,false,1735,352550,Book
1960,"",German,"",Drawings and Prints,false,false,1811,354461,Book
2001,"",American,"",Drawings and Prints,false,false,1955,354542,Print
2001,"",American,"",Drawings and Prints,false,false,1955,354551,Print
2001,"",American,"",Drawings and Prints,false,false,1955,354554,Print
1958,"",French,"",Drawings and Prints,false,false,1838,354617,Drawing
2002,"",French,"",Drawings and Prints,false,false,1877,354626,Print
1965,"",British,"",Drawings and Prints,false,false,1867,351956,Book
2002,"",Dutch,"",Drawings and Prints,false,false,1621,351996,Drawing
1960,"",French,"",Drawings and Prints,false,false,1789,354968,Print
1948,"",Italian,"",Drawings and Prints,false,false,1636,355881,Book
1971,"","","",Drawings and Prints,false,false,1927,356045,Book
1925,"","","",Drawings and Prints,false,false,1553,356084,Book
1934,"","British, Scottish","",Drawings and Prints,false,false,1826,354725,Book ; Ornament and architecture
1954,"",British,"",Drawings and Prints,false,false,1860,354738,Book
1949,"",French,"",Drawings and Prints,false,false,1799,357221,Drawing ; Ornament and architecture
1959,"",Spanish,"",Drawings and Prints,false,false,1900,357234,Book
1981,"",American,"",Drawings and Prints,false,false,1887,357263,Book
1972,"",British,"",Drawings and Prints,false,false,1903,354128,Book
1973,"",French,"",Drawings and Prints,false,false,1930,354217,Book
1956,"",American,"",Drawings and Prints,false,false,1875,354263,Book
1932,"",British,"",Drawings and Prints,false,false,1683,354336,Book
1960,"",American,"",Drawings and Prints,false,false,1913,354357,Book
1953,"",Netherlandish,"",Drawings and Prints,false,false,1625,356594,Print
1953,"",French,"",Drawings and Prints,false,false,1635,356605,Book
1948,"",British,"",Drawings and Prints,false,false,1765,356646,Album ; print
1962,"",British,"",Drawings and Prints,false,false,1900,357609,Book
1966,"",French,"",Drawings and Prints,false,false,1946,357678,Book
1948,"",British,"",Drawings and Prints,false,false,1799,357764,Book
1983,"",British,"",Drawings and Prints,false,false,1940,357770,Book
1917,"",British,"",Drawings and Prints,false,false,1895,357798,Book
1934,"",British,"",Drawings and Prints,false,false,1881,357809,Book
1970,"",American,"",Drawings and Prints,false,false,1932,355526,Book
1953,"",French,"",Drawings and Prints,false,false,1899,355640,Drawing
1952,"",British,"",Drawings and Prints,false,false,1759,355717,Book ; Ornament and Architecture
1958,"",British,"",Drawings and Prints,false,false,1753,355720,Book
1944,"",British,"",Drawings and Prints,false,false,1861,355784,Book
1942,"",Italian,"",Drawings and Prints,false,false,1821,355807,Book
1946,"",Italian,"",Drawings and Prints,false,false,1833,358255,Book ; Ornament and architecture
1940,"",British,"",Drawings and Prints,false,false,1723,356138,Book
1954,"",American,"",Drawings and Prints,false,false,1879,356389,Book
1964,"",American,"",Drawings and Prints,false,false,1920,356416,Drawing
1969,"",American,"",Drawings and Prints,false,false,1925,358861,Book
1971,"","","",Drawings and Prints,false,false,1971,358899,Book
1931,"",French,"",Drawings and Prints,false,false,1897,358921,Print
1965,"",Polish,"",Drawings and Prints,false,false,1963,357441,Book
1954,"",American,"",Drawings and Prints,false,false,1954,357505,Print
1954,"",American,"",Drawings and Prints,false,false,1974,357551,Drawing
2003,"",German,"",Drawings and Prints,false,false,1819,359455,Drawing
1997,"","British, Welsh","",Drawings and Prints,false,false,1935,356931,Print
1971,"",American,"",Drawings and Prints,false,false,1963,356942,Book
1930,"",Spanish,"",Drawings and Prints,false,false,1789,356986,Book
1953,"",Austrian,"",Drawings and Prints,false,false,1907,360368,Book
1955,"",American,"",Drawings and Prints,false,false,1955,358023,Book
1920,"",French,"",Drawings and Prints,false,false,1822,358105,Print
1926,"",Italian,"",Drawings and Prints,false,false,1644,359894,Print
1951,"",German,"",Drawings and Prints,false,false,1535,359987,Print
1941,"",German,"",Drawings and Prints,false,false,1553,360000,Print
1989,"",Dutch,"",Drawings and Prints,false,false,1609,360006,Print
1947,"",Italian,"",Drawings and Prints,false,false,1700,360010,Book
1996,"",American,"",Drawings and Prints,false,false,1993,360088,Print
1918,"",Italian,"",Drawings and Prints,false,false,1532,358317,Books Prints Ornament & Architecture
1956,"",American,"",Drawings and Prints,false,false,1900,358589,Book
1923,"",British,"",Drawings and Prints,false,false,1827,358673,Drawing
1953,"",French,"",Drawings and Prints,false,false,1890,358691,Drawing
1978,"",Spanish,"",Drawings and Prints,false,false,1865,359075,Print
1976,"",American,"",Drawings and Prints,false,false,1955,359267,Drawing
1920,"",Bohemian,"",Drawings and Prints,false,false,1646,361281,Print
1949,"",Bohemian,"",Drawings and Prints,false,false,1652,361579,Print
1951,"",Bohemian,"",Drawings and Prints,false,false,1650,361623,Print
1951,"",Bohemian,"",Drawings and Prints,false,false,1800,361662,Print
1951,"","British, born Sweden","",Drawings and Prints,false,false,1768,360549,Drawing ; Ornament and architecture
1917,"",Bohemian,"",Drawings and Prints,false,false,1646,360651,Print
1962,"",Italian,"",Drawings and Prints,false,false,1533,361924,Print
1965,"",British,"",Drawings and Prints,false,false,1910,361959,Drawing ; Ornament and architecture
1919,"",French,"",Drawings and Prints,false,false,1873,333812,Drawing
1929,"",French,"",Drawings and Prints,false,false,1875,333936,Drawing
1988,"",American,"",Drawings and Prints,false,false,1895,362516,Poster
1997,"",American,"",Drawings and Prints,false,false,1899,362544,Print
1984,"",French,"",Drawings and Prints,false,false,1898,360123,Print
1949,"",French,"",Drawings and Prints,false,false,1599,362888,Drawing
1935,"",British,"",Drawings and Prints,false,false,1821,362962,Drawing ; Ornament and Architecture
1968,"",American,"",Drawings and Prints,false,false,1967,362977,Print
1947,"",Dutch,"",Drawings and Prints,false,false,1708,363117,Print
1959,"",American,"",Drawings and Prints,false,false,1939,363136,Drawing; Ornament & Architecture
1947,"",Netherlandish,"",Drawings and Prints,false,false,1533,364820,Print
1920,"",Bohemian,"",Drawings and Prints,false,false,1644,361412,Print
2003,"",German,"",Drawings and Prints,false,false,1907,363475,Print
1967,"",British,"",Drawings and Prints,false,false,1855,363529,Drawing; Ornament and architecture
1966,"",British,"",Drawings and Prints,false,false,1870,363549,Drawing ; Ornament and architecture
1966,"",British,"",Drawings and Prints,false,false,1862,363555,Drawing ; Ornament and architecture
1935,"",British,"",Drawings and Prints,false,false,1910,363580,Drawing Ornament and Architecture
1917,"",Bohemian,"",Drawings and Prints,false,false,1700,360817,Print
1918,"",Bohemian,"",Drawings and Prints,false,false,1644,360852,Print
1920,"",Bohemian,"",Drawings and Prints,false,false,1654,360888,Print
1920,"",Bohemian,"",Drawings and Prints,false,false,1656,361034,Print
1920,"",Bohemian,"",Drawings and Prints,false,false,1640,361038,Print
2003,"",Italian,"",Drawings and Prints,false,false,1585,364313,Print
1962,"",Bohemian,"",Drawings and Prints,false,false,1665,361768,Print
1966,"",British,"",Drawings and Prints,false,false,1836,361868,Drawing ; Ornament and architecture
1963,"",Italian,"",Drawings and Prints,false,false,1750,363798,Drawing
1930,"",British,"",Drawings and Prints,false,false,1904,363819,Drawing ; Ornament and Architecture
1934,"",British,"",Drawings and Prints,false,false,1770,363828,Drawing ; Ornament and Architecture
1949,"",Italian,"",Drawings and Prints,false,false,1560,364037,Print
1963,"",French,"",Drawings and Prints,false,false,1842,364144,Print
1948,"",British,"",Drawings and Prints,false,false,1874,362260,Drawing
1990,"",American,"",Drawings and Prints,false,false,1895,362316,Print
1937,"",Italian,"",Drawings and Prints,false,false,1753,365376,Print
1965,"",Italian,"",Drawings and Prints,false,false,1780,365511,Drawing
1960,"",British,"",Drawings and Prints,false,false,1842,364889,Portfolio
1940,"",American,"",Drawings and Prints,false,false,1915,365001,Print
1962,"",Italian,"",Drawings and Prints,false,false,1779,365070,Print
1962,"",Italian,"",Drawings and Prints,false,false,1769,365077,Print
1962,"",Italian,"",Drawings and Prints,false,false,1772,365085,Print
1940,"",American,"",Drawings and Prints,false,false,1863,367232,Book
1919,"",American,"",Drawings and Prints,false,false,1882,365839,Print
1944,"",Netherlandish,"",Drawings and Prints,false,false,1484,365882,Book
1949,"",French,"",Drawings and Prints,false,false,1800,365929,Print
1972,Female,American,"",Drawings and Prints,false,false,1954,365964,Drawing
1922,"",Netherlandish,"",Drawings and Prints,false,false,1522,364682,Print
1962,"",Netherlandish,"",Drawings and Prints,false,false,1515,364798,Print
1927,"",Italian,"",Drawings and Prints,false,false,1563,366231,Print
1927,"",Italian,"",Drawings and Prints,false,false,1599,366549,Print
1970,"",British,"",Drawings and Prints,false,false,1869,365654,Print
1940,"",American,"",Drawings and Prints,false,false,1922,367548,Print
1949,"",Italian,"",Drawings and Prints,false,false,1569,367593,Print
1949,"",American,"",Drawings and Prints,false,false,1911,367679,Print
1953,"",Italian,"",Drawings and Prints,false,false,1582,367753,Print
1959,"",Danish,"",Drawings and Prints,false,false,1829,367841,Book
2004,"",German,"",Drawings and Prints,false,false,1700,366788,Drawing
1918,"",Italian,"",Drawings and Prints,false,false,1540,366854,Print
1986,"",German,"",Drawings and Prints,false,false,1496,367008,Print
1927,"",Italian,"",Drawings and Prints,false,false,1600,367073,Print
1917,"",Netherlandish,"",Drawings and Prints,false,false,1500,367078,Print
1988,"","American, born Japan","",Drawings and Prints,false,false,1987,366161,Print
1932,"",French,"",Drawings and Prints,false,false,1900,368007,Book
1944,"",French,"",Drawings and Prints,false,false,1900,368092,Book
2005,"",Dutch,"",Drawings and Prints,false,false,1785,368313,Drawing
1957,"",French,"",Drawings and Prints,false,false,1904,368338,Book
1953,"",Netherlandish,"",Drawings and Prints,false,false,1600,368826,Print
1979,"",American,"",Drawings and Prints,false,false,1850,367287,Book
1966,"",British,"",Drawings and Prints,false,false,1838,367469,Drawing
1979,"",American,"",Drawings and Prints,false,false,1913,367486,Book
1979,"",Spanish,"",Drawings and Prints,false,false,1963,369450,Print
1962,"",French,"",Drawings and Prints,false,false,1722,369515,Print
1968,"",French,"",Drawings and Prints,false,false,1560,362618,Collection Ornament & Architecture
1953,"",Italian,"",Drawings and Prints,false,false,1553,370636,Print
1953,"",Italian,"",Drawings and Prints,false,false,1557,370686,Print
2005,"",Netherlandish,"",Drawings and Prints,false,false,1631,370743,Drawing
1964,"",Dutch,"",Drawings and Prints,false,false,1964,369126,Print
1984,"",German,"",Drawings and Prints,false,false,1963,369198,Print
1960,"",Netherlandish,"",Drawings and Prints,false,false,1573,369304,Print
1972,"",French,"",Drawings and Prints,false,false,1806,369322,Print
1979,"",Spanish,"",Drawings and Prints,false,false,1963,369442,Print
1984,"",Spanish,"",Drawings and Prints,false,false,1968,370056,Print
2005,"",Dutch,"",Drawings and Prints,false,false,1690,370129,Print
2005,"",Dutch,"",Drawings and Prints,false,false,1690,370149,Print
1922,"",Spanish,"",Drawings and Prints,false,false,1925,370245,Print
1925,"",British,"",Drawings and Prints,false,false,1735,370284,Drawing; Ornament and Architecture
2006,"","","",Drawings and Prints,false,false,1830,370305,Print
2006,"",Belgian,"",Drawings and Prints,false,false,1849,370404,Print
2006,"",British,"",Drawings and Prints,false,false,1739,370410,Print
2006,"",German,"",Drawings and Prints,false,false,1869,371043,Drawing
1981,"",American,"",Drawings and Prints,false,false,1939,371217,Drawing
1951,"",Dutch,"",Drawings and Prints,false,false,1650,371348,Print
1996,"",American,"",Drawings and Prints,false,false,1914,371449,Print
1927,"",Italian,"",Drawings and Prints,false,false,1644,371459,Print
1963,"",French,"",Drawings and Prints,false,false,1875,371482,Print
1953,"",Netherlandish,"",Drawings and Prints,false,false,1587,369000,Print
1924,"",French,"",Drawings and Prints,false,false,1878,371562,Print
1917,"",French,"",Drawings and Prints,false,false,1854,371684,Print
1941,"",British,"",Drawings and Prints,false,false,1753,371811,Book
1949,"",Italian,"",Drawings and Prints,false,false,1622,371848,Print
1941,"",Italian,"",Drawings and Prints,false,false,1801,372102,Book ; Ornament and architecture
1984,"",American,"",Drawings and Prints,false,false,1937,372244,Print
1955,Female,American,"",Drawings and Prints,false,false,1928,372375,Print
1955,Female,American,"",Drawings and Prints,false,false,1932,372395,Print
1963,"",German,"",Drawings and Prints,false,false,1912,369898,Print
1959,"",Italian,"",Drawings and Prints,false,false,1550,369918,Print
1986,"",Spanish,"",Drawings and Prints,false,false,1957,369941,Print
2007,"",Mexican,"",Drawings and Prints,false,false,1935,373837,Print
2007,"",American,"",Drawings and Prints,false,false,1971,373869,Print
1968,"",Italian,"",Drawings and Prints,false,false,1664,373938,Print
1929,"",Netherlandish,"",Drawings and Prints,false,false,1598,374026,Print
1980,"",Netherlandish,"",Drawings and Prints,false,false,1608,374048,Print
1986,"",Italian,"",Drawings and Prints,false,false,1643,374054,Print
1962,"",American,"",Drawings and Prints,false,false,1943,373356,Print
1976,"","American, born Australia","",Drawings and Prints,false,false,1933,373555,Print
1941,"",Italian,"",Drawings and Prints,false,false,1847,373621,Book ; Ornament and architecture
1960,"",French,"",Drawings and Prints,false,false,1899,373742,Drawing
1971,"",American,"",Drawings and Prints,false,false,1909,373757,Book
1917,"",American,"",Drawings and Prints,false,false,1881,372598,Print
1917,"",American,"",Drawings and Prints,false,false,1889,372815,Print
1943,"",American,"",Drawings and Prints,false,false,1943,374881,Print
1943,Female,American,"",Drawings and Prints,false,false,1937,374943,Print
1943,"",American,"",Drawings and Prints,false,false,1943,374122,Print
1943,"",American,"",Drawings and Prints,false,false,1943,374181,Print
1917,"",Italian,"",Drawings and Prints,false,false,1642,375796,Print
2007,"",British,"",Drawings and Prints,false,false,1913,375921,Print
2007,"",British,"",Drawings and Prints,false,false,1915,375924,Print
2007,"",French,"",Drawings and Prints,false,false,1944,375942,Print
2007,Female,American,"",Drawings and Prints,false,false,2007,375986,Print
2007,"",American,"",Drawings and Prints,false,false,1934,376031,Print
2007,"",Italian,"",Drawings and Prints,false,false,1949,376078,Print
1943,Female,American,"",Drawings and Prints,false,false,1943,374549,Print
1943,"",American,"",Drawings and Prints,false,false,1937,374681,Print
1943,"",American,"",Drawings and Prints,false,false,1938,374693,Print
1942,"",French,"",Drawings and Prints,false,false,1734,376303,Drawing
1943,Female,American,"",Drawings and Prints,false,false,1943,375333,Print
1943,Female,American,"",Drawings and Prints,false,false,1943,375341,Print
1943,"",American,"",Drawings and Prints,false,false,1943,375404,Print
1943,"",American,"",Drawings and Prints,false,false,1943,375611,Print
1917,"",German,"",Drawings and Prints,false,false,1525,373142,Print
1948,"",Netherlandish,"",Drawings and Prints,false,false,1617,373160,Print
1946,"",American,"",Drawings and Prints,false,false,1946,373310,Print
1994,"",Netherlandish,"",Drawings and Prints,false,false,1670,377988,Print
2007,"",British,"",Drawings and Prints,false,false,1958,376084,Print
1923,"",British,"",Drawings and Prints,false,false,1927,376167,Print
1917,"",Italian,"",Drawings and Prints,false,false,1646,377375,Print
1959,Female,American,"",Drawings and Prints,false,false,1923,377461,Print
1960,Female,American,"",Drawings and Prints,false,false,1923,377468,Print
1985,"",American,"",Drawings and Prints,false,false,1907,377512,Poster
1929,"",French,"",Drawings and Prints,false,false,1914,377650,Print
1943,"",American,"",Drawings and Prints,false,false,1936,375026,Print
1943,"",American,"",Drawings and Prints,false,false,1943,375243,Print
1923,"",American,"",Drawings and Prints,false,false,1881,378454,Drawing
1923,"",American,"",Drawings and Prints,false,false,1882,378464,Drawing
1923,"",American,"",Drawings and Prints,false,false,1876,378517,Drawing
1923,"",American,"",Drawings and Prints,false,false,1881,378539,Drawing
1923,"",American,"",Drawings and Prints,false,false,1880,378575,Drawing
1959,"",British,"",Drawings and Prints,false,false,1816,376332,Album print
2007,"",German,"",Drawings and Prints,false,true,1827,376771,Print
1923,"",American,"",Drawings and Prints,false,false,1875,378916,Drawing
1923,"",American,"",Drawings and Prints,false,false,1876,378923,Drawing
1967,"",French,"",Drawings and Prints,false,false,1866,376825,Print
1917,"",Italian,"",Drawings and Prints,false,false,1801,376848,Print
1917,"",Italian,"",Drawings and Prints,false,false,1815,376931,Print
1961,"","","",Drawings and Prints,false,false,1660,377044,Print
1942,"",Italian,"",Drawings and Prints,false,false,1799,377138,Print
1940,"",French,"",Drawings and Prints,false,false,1680,377798,Book
1932,"",French,"",Drawings and Prints,false,false,1958,377839,Print
1959,"",Italian,"",Drawings and Prints,false,false,1799,377850,Drawing
1971,"",Italian,"",Drawings and Prints,false,false,1633,377879,Print
1917,"",French,"",Drawings and Prints,false,false,1855,377897,Print
1923,"",American,"",Drawings and Prints,false,false,1870,379492,Drawing
1923,"",American,"",Drawings and Prints,false,false,1870,379502,Drawing
1923,"",American,"",Drawings and Prints,false,false,1870,379507,Drawing
1923,"",American,"",Drawings and Prints,false,false,1870,379622,Drawing
1923,"",American,"",Drawings and Prints,false,false,1870,379677,Drawing
1923,"",American,"",Drawings and Prints,false,false,1880,378641,Drawing
1923,"",American,"",Drawings and Prints,false,false,1883,378662,Collection Ornament & Architecture
1923,"",American,"",Drawings and Prints,false,false,1875,378841,Drawing
1923,"",American,"",Drawings and Prints,false,false,1875,378846,Drawing
1992,"",Italian,"",Drawings and Prints,false,false,1621,380559,Print
1923,"",American,"",Drawings and Prints,false,false,1879,378176,Drawing
1923,"",American,"",Drawings and Prints,false,false,1891,378225,Drawing
1923,"",American,"",Drawings and Prints,false,false,1874,378235,Drawing
1923,"",American,"",Drawings and Prints,false,false,1877,378294,Drawing
1923,"",American,"",Drawings and Prints,false,false,1883,378414,Drawing
1954,"",American,"",Drawings and Prints,false,false,1887,380980,Print
1923,"",American,"",Drawings and Prints,false,false,1870,378972,Drawing
1923,"",American,"",Drawings and Prints,false,false,1890,379019,Drawing
1923,"",American,"",Drawings and Prints,false,false,1880,379205,Drawing
1923,"",American,"",Drawings and Prints,false,false,1881,379313,Drawing
1923,"","","",Drawings and Prints,false,false,1875,380142,Print
1923,"",American,"",Drawings and Prints,false,false,1870,380160,Drawing
2007,"",Swiss,"",Drawings and Prints,false,false,1652,380396,Drawing
2007,"",Swiss,"",Drawings and Prints,false,false,1713,380405,Drawing
1994,"",Bohemian,"",Drawings and Prints,false,false,1646,380493,Print
1917,"",Dutch,"",Drawings and Prints,false,false,1668,381315,Print
1954,"",American,"",Drawings and Prints,false,false,1856,380856,Print
1954,"",American,"",Drawings and Prints,false,false,1846,380866,Print
1954,"",American,"",Drawings and Prints,false,false,1874,380884,Print
1931,"",German,"",Drawings and Prints,false,false,1499,382393,Print
2008,"",German,"",Drawings and Prints,false,false,1767,382508,Print
2008,"",French,"",Drawings and Prints,false,false,1761,382645,Drawing
1923,"",American,"",Drawings and Prints,false,false,1877,379449,Drawing
1981,"",American,"",Drawings and Prints,false,false,1949,381778,Photograph
1965,"",Russian,"",Drawings and Prints,false,false,1946,382067,Drawing
1969,"",Russian,"",Drawings and Prints,false,false,1948,382142,Drawing
2007,"",American,"",Drawings and Prints,false,false,1972,382195,Print
1972,"",American,"",Drawings and Prints,false,false,1956,382242,Drawing
1972,"",American,"",Drawings and Prints,false,false,1910,381568,Print
1981,"",American,"",Drawings and Prints,false,false,1949,381775,Photograph
1928,"",British,"",Drawings and Prints,false,false,1811,382933,Print
1954,"",British,"",Drawings and Prints,false,false,1808,382981,Print
1928,"",Netherlandish,"",Drawings and Prints,false,false,1558,383069,Print
1923,"",American,"",Drawings and Prints,false,false,1874,379828,Drawing
1923,"",French,"",Drawings and Prints,false,false,1875,379879,Print
1923,"",American,"",Drawings and Prints,false,false,1870,380034,Drawing
1892,"",British,"",Drawings and Prints,false,false,1866,383838,Drawing
1984,"",Belgian,"",Drawings and Prints,false,false,1900,383850,Print
1980,"",American,"",Drawings and Prints,false,false,1973,383875,Print
1954,"",American,"",Drawings and Prints,false,false,1888,381006,Print
1954,"",British,"",Drawings and Prints,false,false,1853,381123,Print
2009,"",Swiss,"",Drawings and Prints,false,false,1768,384356,Drawing
2008,"",American,"",Drawings and Prints,false,false,1895,384370,Drawing
1973,"","British, born The Netherlands","",Drawings and Prints,false,false,1883,384502,Print
1917,"",Swedish,"",Drawings and Prints,false,false,1890,384549,Print
1949,"",Italian,"",Drawings and Prints,false,false,1563,383577,Print
1958,"",British,"",Drawings and Prints,false,false,1800,383655,Drawing ; Architecture and Ornament
1964,"","American, born Russia","",Drawings and Prints,false,false,1957,383791,Drawing Ornament & Architecture
1967,"",French,"",Drawings and Prints,false,false,1900,384813,Drawing
1927,"",Italian,"",Drawings and Prints,false,false,1651,383139,Print
2008,"",German,"",Drawings and Prints,false,false,1630,383279,Print
1954,"",American,"",Drawings and Prints,false,false,1900,383327,Print
1919,Female,American,"",Drawings and Prints,false,false,1938,385510,Print
1924,"",French,"",Drawings and Prints,false,false,1665,384232,Print
1981,"",Brazilian,"",Drawings and Prints,false,false,1899,385924,Block
1981,"",Italian,"",Drawings and Prints,false,false,1899,385939,Block
1918,"",Austrian,"",Drawings and Prints,false,false,1951,385972,Print
1967,"",French,"",Drawings and Prints,false,false,1897,385996,Drawing
1957,"",British,"",Drawings and Prints,false,false,1871,386062,Plate
1917,"",French,"",Drawings and Prints,false,false,1764,386361,Print
1960,"",British,"",Drawings and Prints,false,false,1900,386481,Drawing ; Ornament and architecture
1961,"",British,"",Drawings and Prints,false,false,1899,386499,Drawing ; Ornament and architecture
1917,"",Swedish,"",Drawings and Prints,false,false,1906,384564,Print
1917,"",Swedish,"",Drawings and Prints,false,false,1913,384632,Print
1938,"",British,"",Drawings and Prints,false,false,1850,386938,Drawing ; Ornament and Architecture
1938,"",British,"",Drawings and Prints,false,false,1850,386992,Drawing ; Ornament and Architecture
1957,"",French,"",Drawings and Prints,false,false,1656,384886,Print
1888,"",French,"",Drawings and Prints,false,false,1881,384987,Print
1967,"",French,"",Drawings and Prints,false,false,1897,384999,Drawing
1967,"",French,"",Drawings and Prints,false,false,1897,385105,Drawing
1919,"",American,"",Drawings and Prints,false,false,1890,385218,Print
1954,"",French,"",Drawings and Prints,false,false,1824,387917,Drawing
1932,"",French,"",Drawings and Prints,false,false,1871,387933,Print
1946,"",American,"",Drawings and Prints,false,false,1880,385639,Block
1951,"",Netherlandish,"",Drawings and Prints,false,false,1581,385666,Print
1980,"",French,"",Drawings and Prints,false,false,1940,385701,Print
1951,"",Dutch,"",Drawings and Prints,false,false,1659,387518,Print
1954,"",American,"",Drawings and Prints,false,false,1848,387627,Drawing
1953,"",British,"",Drawings and Prints,false,false,1800,386124,Print
1942,"",German,"",Drawings and Prints,false,false,1914,386280,Print
2009,"",Austrian,"",Drawings and Prints,false,false,1782,388429,Print
1986,"",German,"",Drawings and Prints,false,false,1502,388604,Print
1938,"",British,"",Drawings and Prints,false,false,1840,386786,Drawing ; Ornament and Architecture
"","",Austrian,"",Drawings and Prints,false,false,1907,388890,Print
1924,"",British,"",Drawings and Prints,false,false,1778,389034,Print
1976,"",American,"",Drawings and Prints,false,false,1892,389144,Drawing
1967,"",French,"",Drawings and Prints,false,false,1900,388273,Drawing
1967,"",French,"",Drawings and Prints,false,false,1900,388274,Drawing
1951,"",Flemish,"",Drawings and Prints,false,false,1623,388345,Print
1918,"",German,"",Drawings and Prints,false,false,1511,388371,Print
1954,"","American, born Germany","",Drawings and Prints,false,false,1845,389852,Drawing
1952,"",American,"",Drawings and Prints,false,false,1901,388749,Poster
1976,"",American,"",Drawings and Prints,false,false,1966,388775,Print
1952,"",Italian,"",Drawings and Prints,false,false,1799,389401,Drawing Ornament & Architecture
1952,"",Italian,"",Drawings and Prints,false,false,1699,389406,Drawing Ornament & Architecture
1962,"",Italian,"",Drawings and Prints,false,false,1699,389442,Drawing
"","",Hungarian,"",Drawings and Prints,false,false,1909,389568,Print
1917,"",German,"",Drawings and Prints,false,false,1550,389673,Print
"","",Austrian,"",Drawings and Prints,false,false,1907,389686,Print
1947,"",German,"",Drawings and Prints,false,false,1893,389707,Print
1959,"","American, born Germany","",Drawings and Prints,false,false,1958,389225,Print
1975,"",American,"",Drawings and Prints,false,false,1969,389294,Print
1962,"",French,"",Drawings and Prints,false,false,1791,389359,Print
2018,"",Italian,"",Drawings and Prints,false,false,1801,390279,Print ; Ornament and architecture
2018,"",American,"",Drawings and Prints,false,false,1899,390300,Print ephemera
2018,"","American, born England","",Drawings and Prints,false,false,1873,390305,Drawing
2018,"",American,"",Drawings and Prints,false,false,1863,390341,Cut paper ; print
1966,"",Italian,"",Drawings and Prints,false,false,1900,390417,Drawing
1926,"",French,"",Drawings and Prints,false,false,1647,390467,Print
1956,"",French,"",Drawings and Prints,false,false,1635,390470,Print
1920,"",British,"",Drawings and Prints,false,false,1754,390566,Drawing Ornament and Architecture
1960,"","","",Drawings and Prints,false,false,1960,390570,Drawing
2010,"",French,"",Drawings and Prints,false,false,1647,387073,Drawing
1967,"",Czech,"",Drawings and Prints,false,false,1940,387122,Drawing
1967,"",Czech,"",Drawings and Prints,false,false,1940,387125,Drawing
1969,"",American,"",Drawings and Prints,false,false,1969,387182,Book
1923,"",Austro-Hungarian,"",Drawings and Prints,false,false,1919,387188,Print
1967,"",Chinese,"",Drawings and Prints,false,false,1900,387231,Drawing
1917,"",Swiss,"",Drawings and Prints,false,false,1897,390863,Print
1959,"",French,"",Drawings and Prints,false,false,1571,390939,Print
1919,"",German,"",Drawings and Prints,false,false,1503,390975,Print
1954,"",American,"",Drawings and Prints,false,false,1837,390050,Print
2009,"","","",Drawings and Prints,false,false,2009,390091,Print
1951,"",Flemish,"",Drawings and Prints,false,false,1630,387846,Print
1962,"",Flemish,"",Drawings and Prints,false,false,1675,387857,Print
1919,"",German,"",Drawings and Prints,false,false,1515,391237,Print
1933,"","British, Scottish","",Drawings and Prints,false,false,1805,391422,Print
1917,"","British, Scottish","",Drawings and Prints,false,false,1799,391465,Print
1951,"",Italian,"",Drawings and Prints,false,false,1600,389794,Print
1953,"",French,"",Drawings and Prints,false,false,1799,389820,Print
1967,"","French, born Russia","",Drawings and Prints,false,false,1928,391934,Drawing
1970,"",Dutch,"",Drawings and Prints,false,false,1700,392078,Print
1960,"",Dutch,"",Drawings and Prints,false,false,1652,392081,Print
1917,"",German,"",Drawings and Prints,false,false,1503,391132,Print
1953,"",French,"",Drawings and Prints,false,false,1647,391203,Print
1942,"",British,"",Drawings and Prints,false,false,1797,393155,Print
1942,"",British,"",Drawings and Prints,false,false,1797,393160,Print
1962,"",Italian,"",Drawings and Prints,false,false,1575,393191,Print
1953,"",French,"",Drawings and Prints,false,false,1666,393258,Print
1954,"",French,"",Drawings and Prints,false,false,1849,393289,Print
2009,"",French,"",Drawings and Prints,false,false,1550,393364,Drawings Ornament & Architecture
1920,"",British,"",Drawings and Prints,false,false,1754,390676,Drawing Ornament and Architecture
1924,"",French,"",Drawings and Prints,false,false,1653,390711,Print
1959,"",British,"",Drawings and Prints,false,false,1806,392722,Print
1953,"",French,"",Drawings and Prints,false,false,1680,392724,Print
1959,"",British,"",Drawings and Prints,false,false,1808,392746,Print
1959,"",British,"",Drawings and Prints,false,false,1803,392824,Print
1959,"",British,"",Drawings and Prints,false,false,1785,392846,Print
1951,"",American,"",Drawings and Prints,false,false,1863,392877,Print
1959,"",British,"",Drawings and Prints,false,false,1808,392949,Print
1941,"",French,"",Drawings and Prints,false,false,1688,392969,Print
1942,"",British,"",Drawings and Prints,false,false,1942,392533,Print
1942,"",British,"",Drawings and Prints,false,false,1942,392537,Print
1932,"",British,"",Drawings and Prints,false,false,1726,392593,Print
1962,"",Italian,"",Drawings and Prints,false,false,1536,392654,Print
1985,"",Dutch,"",Drawings and Prints,false,false,1640,394096,Print
1962,"",French,"",Drawings and Prints,false,false,1830,394152,Print
1953,"",French,"",Drawings and Prints,false,false,1747,394226,Print
1953,"",French,"",Drawings and Prints,false,false,1786,394276,Print
1962,"",Italian,"",Drawings and Prints,false,false,1795,392188,Print
2010,Female,American,"",Drawings and Prints,false,false,1912,393641,Drawing
2010,Female,American,"",Drawings and Prints,false,false,1909,393645,Drawing
2002,"",American,"",Drawings and Prints,false,false,1837,393923,Print
2002,"",American,"",Drawings and Prints,false,false,1837,393928,Print
1917,"",Italian,"",Drawings and Prints,false,false,1660,393498,Print
2011,"",British,"",Drawings and Prints,false,false,1771,395525,Print
1963,"",British,"",Drawings and Prints,false,false,1850,395546,Print
1926,"",German,"",Drawings and Prints,false,false,1791,391610,Print
1941,"",Dutch,"",Drawings and Prints,false,false,1640,391623,Print
1961,"",French,"",Drawings and Prints,false,false,1890,391699,Print
1972,"",American,"",Drawings and Prints,false,false,1969,394976,Print
1969,"",American,"",Drawings and Prints,false,false,1940,395084,Book
1942,"",British,"",Drawings and Prints,false,false,1788,393100,Print
1930,"",American,"",Drawings and Prints,false,false,1900,394440,Print
1971,"",British,"",Drawings and Prints,false,false,1969,394572,Print
2010,"",Hungarian,"",Drawings and Prints,false,false,1897,394683,Drawing
1883,"",French,"",Drawings and Prints,false,false,1827,394906,Print
2010,"",Flemish,"",Drawings and Prints,false,false,1724,394917,Drawing
1924,"",American,"",Drawings and Prints,false,false,1787,394360,Print
1924,"",American,"",Drawings and Prints,false,false,1787,394410,Print
1930,"",American,"",Drawings and Prints,false,false,1835,394418,Print
1925,"",French,"",Drawings and Prints,false,false,1600,396397,Print
1927,"",Italian,"",Drawings and Prints,false,false,1545,396464,Print
1964,"",French,"",Drawings and Prints,false,false,1922,396501,Print
1953,"",French,"",Drawings and Prints,false,false,1868,396646,Print
1958,"",American,"",Drawings and Prints,false,false,1916,395904,Print
1995,"",American,"",Drawings and Prints,false,false,1930,396065,Print
1949,"",Italian,"",Drawings and Prints,false,false,1560,396164,Print
1949,"",Italian,"",Drawings and Prints,false,false,1560,396173,Print
1951,"",Dutch,"",Drawings and Prints,false,false,1685,396242,Print
1932,"",British,"",Drawings and Prints,false,false,1724,396285,Print
1951,"",French,"",Drawings and Prints,false,false,1700,398273,Print
2011,"",Dutch,"",Drawings and Prints,false,false,1673,395779,Drawing
1923,"",French,"",Drawings and Prints,false,false,1816,395830,Print
1960,"",American,"",Drawings and Prints,false,false,1920,395849,Book
1922,"",French,"",Drawings and Prints,false,false,1902,395859,Print
1952,"",American,"",Drawings and Prints,false,false,1889,397423,Print
2012,"",French,"",Drawings and Prints,false,false,1765,397455,Print
2012,"",Netherlandish,"",Drawings and Prints,false,false,1620,397475,Print
1984,"",German,"",Drawings and Prints,false,false,1926,397582,Print
1943,"",American,"",Drawings and Prints,false,false,1943,397101,Print
1943,"",American,"",Drawings and Prints,false,false,1943,399069,Print
2012,"",Italian,"",Drawings and Prints,false,false,1480,399137,Drawing
1943,"",American,"",Drawings and Prints,false,false,1943,398054,Print
1923,"",American,"",Drawings and Prints,false,false,1919,398098,Drawing
1951,"",Netherlandish,"",Drawings and Prints,false,false,1596,398207,Print
1943,"",American,"",Drawings and Prints,false,false,1943,398318,Print
1964,"",French,"",Drawings and Prints,false,false,1794,398382,Print
1923,"",German,"",Drawings and Prints,false,false,1923,398496,Print
1957,"",French,"",Drawings and Prints,false,false,1622,398577,Print
1981,"",French,"",Drawings and Prints,false,false,1841,398625,Print
1963,"",American,"",Drawings and Prints,false,false,1887,400062,Baseball card
1963,"",American,"",Drawings and Prints,false,false,1887,400064,Baseball card
1931,"",Swiss,"",Drawings and Prints,false,false,1768,400095,Print
1953,"",Italian,"",Drawings and Prints,false,false,1585,396766,Print
1928,"",French,"",Drawings and Prints,false,false,1872,396829,Print
2012,"",Netherlandish,"",Drawings and Prints,false,false,1750,398703,Print
2012,"",British,"",Drawings and Prints,false,false,1880,398732,Print
1951,"",French,"",Drawings and Prints,false,false,1900,398871,Print
2012,"",Dutch,"",Drawings and Prints,false,false,1672,398961,Print
1943,"","American, born Greece","",Drawings and Prints,false,false,1943,399000,Print
2012,"",German,"",Drawings and Prints,false,false,1544,399013,Print
2012,"",Italian,"",Drawings and Prints,false,false,1628,397702,Print
1922,"",Italian,"",Drawings and Prints,false,false,1780,399499,Print
1932,"",British,"",Drawings and Prints,false,false,1736,399568,Print
1932,"",British,"",Drawings and Prints,false,false,1736,399574,Print
1951,"","American, born Poland","",Drawings and Prints,false,false,1920,399674,Print
1922,"",Italian,"",Drawings and Prints,false,false,1800,399725,Print
1984,"",British or American,"",Drawings and Prints,false,false,1876,399940,"Box, card"
1962,"",French,"",Drawings and Prints,false,false,1900,399437,Book
1963,"","","",Drawings and Prints,false,false,1911,401725,Baseball card
1963,"","","",Drawings and Prints,false,false,1887,400151,"Baseball card, photograph"
2012,"",Italian,"",Drawings and Prints,false,false,1665,400178,Print
1963,"","","",Drawings and Prints,false,false,1887,400188,"Baseball card, photograph"
1963,"","","",Drawings and Prints,false,false,1888,400223,"Baseball card, photograph"
1963,"","","",Drawings and Prints,false,false,1888,400232,"Baseball card, photograph"
1963,"","","",Drawings and Prints,false,false,1889,400330,"Baseball card, photograph"
1935,"",Italian,"",Drawings and Prints,false,false,1620,402163,Print
1935,"",Italian,"",Drawings and Prints,false,false,1620,402307,Print
1963,"","","",Drawings and Prints,false,false,1887,401309,"Baseball card, photograph"
1962,"",Netherlandish,"",Drawings and Prints,false,false,1614,401552,Print
1932,"",British,"",Drawings and Prints,false,false,1735,401573,Print
1951,"",Italian,"",Drawings and Prints,false,false,1609,401591,Print
1963,"","","",Drawings and Prints,false,false,1911,401667,Baseball card
1941,"","","",Drawings and Prints,false,false,1580,403000,Print
1963,"","","",Drawings and Prints,false,false,1889,403056,"Baseball card, photograph"
1963,"","","",Drawings and Prints,false,false,1888,403058,"Baseball card, photograph"
1963,"","","",Drawings and Prints,false,false,1888,400864,"Baseball card, photograph"
1963,"","","",Drawings and Prints,false,false,1888,400888,"Baseball card, photograph"
1951,"",Italian,"",Drawings and Prints,false,false,1606,400895,Print
1951,"",Italian,"",Drawings and Prints,false,false,1606,400956,Print
1951,"",Italian,"",Drawings and Prints,false,false,1606,400984,Print
1951,"",Italian,"",Drawings and Prints,false,false,1606,400994,Print
1951,"",Italian,"",Drawings and Prints,false,false,1606,401000,Print
1951,"",Italian,"",Drawings and Prints,false,false,1606,401007,Print
1951,"",Italian,"",Drawings and Prints,false,false,1606,401029,Print
1951,"",Italian,"",Drawings and Prints,false,false,1606,401177,Print
1963,"","","",Drawings and Prints,false,false,1888,400411,Print
1947,"",Italian,"",Drawings and Prints,false,false,1656,400448,Print
1951,"","British, Scottish","",Drawings and Prints,false,false,1792,400491,Print
1963,"","","",Drawings and Prints,false,false,1889,400652,Print
1942,"",Flemish,"",Drawings and Prints,false,false,1748,400772,Print
1963,"","","",Drawings and Prints,false,false,1887,400780,Print
1963,"","","",Drawings and Prints,false,false,1887,402642,"Baseball card, photograph"
1935,"",Italian,"",Drawings and Prints,false,false,1620,402033,Print
1963,"","","",Drawings and Prints,false,false,1887,402046,"Baseball card, photograph"
1963,"","","",Drawings and Prints,false,false,1888,402086,"Baseball card, photograph"
1935,"",Italian,"",Drawings and Prints,false,false,1620,402106,Print
1951,"",American,"",Drawings and Prints,false,false,1859,403816,Drawing
1963,"","","",Drawings and Prints,false,false,1889,403956,"Baseball card, photograph"
1941,"",Italian,"",Drawings and Prints,false,false,1757,404079,Print
1963,"","","",Drawings and Prints,false,false,1889,403356,"Baseball card, photograph"
1941,"","","",Drawings and Prints,false,false,1585,403403,Print
1963,"","","",Drawings and Prints,false,false,1889,404407,"Baseball card, photograph"
1963,"","","",Drawings and Prints,false,false,1889,404516,"Baseball card, photograph"
1941,"",Italian,"",Drawings and Prints,false,false,1757,404542,Print
1981,"",German,"",Drawings and Prints,false,false,1602,405934,Print
1963,"","","",Drawings and Prints,false,false,1888,403560,"Baseball card, photograph"
1963,"","","",Drawings and Prints,false,false,1889,403655,"Baseball card, photograph"
1949,"",French,"",Drawings and Prints,false,false,1852,405301,Print
"","",American,"",Drawings and Prints,false,false,1999,370828,Cut paper
1963,"","","",Drawings and Prints,false,false,1889,404589,"Baseball card, photograph"
1963,"","","",Drawings and Prints,false,false,1888,402771,"Baseball card, photograph"
1963,"","","",Drawings and Prints,false,false,1888,402773,"Baseball card, photograph"
1941,"",Italian,"",Drawings and Prints,false,false,1582,402881,Print
1941,"",Italian,"",Drawings and Prints,false,false,1780,406156,Print
1941,"",Italian,"",Drawings and Prints,false,false,1780,406206,Print
1963,"","","",Drawings and Prints,false,false,1890,405674,Photograph
1941,"",Italian,"",Drawings and Prints,false,false,1762,405768,Print
1963,"","","",Drawings and Prints,false,false,1888,405815,Photograph
1924,"",American,"",Drawings and Prints,false,false,1902,407541,Drawing
1941,"",Italian,"",Drawings and Prints,false,false,1761,405117,Albums Print Ornament & Architecture
1963,"",American,"",Drawings and Prints,false,false,1887,406875,Print
1942,"",German,"",Drawings and Prints,false,false,1725,406887,Collection Ornament & Architecture
1941,"",Italian,"",Drawings and Prints,false,false,1790,406937,Print
1963,"",American,"",Drawings and Prints,false,false,1889,407101,Print
2012,"",French,"",Drawings and Prints,false,false,1776,408990,Drawing
1949,"",German,"",Drawings and Prints,false,false,1730,406514,Collection Ornament & Architecture
1950,"",German,"",Drawings and Prints,false,false,1620,406527,Collection Ornament & Architecture
1963,"",American,"",Drawings and Prints,false,false,1889,406724,Print
1941,"",Italian,"",Drawings and Prints,false,false,1825,406837,Print
1924,"","American, born England","",Drawings and Prints,false,false,1901,407209,Print ; facsimile
1941,"",Italian,"",Drawings and Prints,false,false,1769,407299,Print
1933,"",British,"",Drawings and Prints,false,false,1788,407322,Print
1963,"",American,"",Drawings and Prints,false,false,1890,407343,Print
1980,"",French,"",Drawings and Prints,false,false,1837,409823,Print
1941,"",Italian,"",Drawings and Prints,false,false,1762,406033,Print
1963,"",American,"",Drawings and Prints,false,false,1891,407809,Print
1959,"",British,"",Drawings and Prints,false,false,1800,407850,Print
1963,"",American,"",Drawings and Prints,false,false,1891,407906,Print
1963,"",American,"",Drawings and Prints,false,false,1889,407936,Print
1953,"",British,"",Drawings and Prints,false,false,1780,408063,Print
1941,"",Italian,"",Drawings and Prints,false,false,1804,408065,Print
1963,"",American,"",Drawings and Prints,false,false,1890,409168,Print
1922,"",French,"",Drawings and Prints,false,false,1862,409262,Print
1946,"",Italian,"",Drawings and Prints,false,false,1628,410953,Collection Ornament & Architecture
1920,"",French,"",Drawings and Prints,false,false,1842,410968,Print
1920,"",French,"",Drawings and Prints,false,false,1843,411022,Print
1920,"",French,"",Drawings and Prints,false,false,1843,411034,Print
2012,"",Italian,"",Drawings and Prints,false,false,1660,411176,Print
1961,"",French,"",Drawings and Prints,false,false,1853,411217,Print
1961,"",French,"",Drawings and Prints,false,false,1852,411295,Print
1963,"",American,"",Drawings and Prints,false,false,1891,411431,Photograph
2012,"",French,"",Drawings and Prints,false,false,1632,410291,Print
2012,"",French,"",Drawings and Prints,false,false,1632,410297,Print
2012,"",Italian,"",Drawings and Prints,false,false,1657,412503,Print
2012,"",Italian,"",Drawings and Prints,false,false,1637,412692,Print Ornament & Architecture
1963,"",American,"",Drawings and Prints,false,false,1888,409981,Print
1963,"",American,"",Drawings and Prints,false,false,1888,410045,Print
1963,"",French,"",Drawings and Prints,false,false,1882,410110,Print
1949,"",Italian,"",Drawings and Prints,false,false,1630,411976,Collection Ornament & Architecture
1941,"",American,"",Drawings and Prints,false,false,1861,408731,Drawing
1981,"",French,"",Drawings and Prints,false,false,1842,408762,Print
1967,"",British,"",Drawings and Prints,false,false,1917,408824,Print
1980,"",French,"",Drawings and Prints,false,false,1843,408859,Print
1982,"",French,"",Drawings and Prints,false,false,1833,410513,Poster
1963,"","","",Drawings and Prints,false,false,1911,412929,Baseball card
1963,"","","",Drawings and Prints,false,false,1911,413058,Baseball card
1963,"",American,"",Drawings and Prints,false,false,1886,408426,Print
1961,"",French,"",Drawings and Prints,false,false,1852,412152,Print
1948,"",American,"",Drawings and Prints,false,false,1950,412153,Book
1961,"",French,"",Drawings and Prints,false,false,1853,412193,Print
2012,"",Italian,"",Drawings and Prints,false,false,1650,412250,Print
1953,"",French,"",Drawings and Prints,false,false,1774,413627,Print
1963,"",American,"",Drawings and Prints,false,false,1891,414967,Photograph
1963,"",American,"",Drawings and Prints,false,false,1891,415055,Photograph
1963,"",American,"",Drawings and Prints,false,false,1891,415095,Photograph
1963,"",American,"",Drawings and Prints,false,false,1891,415135,Photograph
1963,"",American,"",Drawings and Prints,false,false,1891,411623,Photograph
1917,"",French,"",Drawings and Prints,false,false,1881,414229,Print
1963,"",American,"",Drawings and Prints,false,false,1888,414384,Print
2012,"",French,"",Drawings and Prints,false,false,1780,415341,Print
1948,"",American,"",Drawings and Prints,false,false,1862,412753,Print
1963,"",American,"",Drawings and Prints,false,false,1891,414595,Photograph
1963,"",American,"",Drawings and Prints,false,false,1891,414828,Photograph
1963,"",American,"",Drawings and Prints,false,false,1891,414925,Photograph
1949,"",French,"",Drawings and Prints,false,false,1843,415255,Print
1963,"",American,"",Drawings and Prints,false,false,1891,416544,Photograph
1957,"",French,"",Drawings and Prints,false,false,1616,416856,Print
1940,"",French,"",Drawings and Prints,false,false,1617,416885,Print
1940,"",French,"",Drawings and Prints,false,false,1617,416902,Print
2012,Female,American,"",Drawings and Prints,false,false,2011,412307,Print
1951,Female,French,"",Drawings and Prints,false,false,1871,415920,Print
1951,"",American,"",Drawings and Prints,false,false,1871,415926,Print
1963,"",American,"",Drawings and Prints,false,false,1891,415995,Photograph
2012,"",Italian,"",Drawings and Prints,false,false,1730,416107,Print
1963,"","","",Drawings and Prints,false,false,1911,413276,Baseball card
2012,"",Italian,"",Drawings and Prints,false,false,1657,413327,Print
1942,"","","",Drawings and Prints,false,false,1846,413382,Print
1963,"","","",Drawings and Prints,false,false,1911,413412,Baseball card
1963,"","","",Drawings and Prints,false,false,1911,413442,Baseball card
1953,"",French,"",Drawings and Prints,false,false,1800,413450,Collection Ornament & Architecture
1963,"","","",Drawings and Prints,false,false,1911,413538,Baseball card
1963,"",American,"",Drawings and Prints,false,false,1891,417292,Photograph
1962,"",German,"",Drawings and Prints,false,false,1531,416474,Print
1963,"","","",Drawings and Prints,false,false,1921,418013,Baseball card
1963,"","","",Drawings and Prints,false,false,1921,418047,Baseball card
1957,"",British,"",Drawings and Prints,false,false,1775,418080,Drawing
1957,"",French,"",Drawings and Prints,false,false,1620,418132,Print
1963,"","","",Drawings and Prints,false,false,1916,418330,Baseball card
1964,"",Netherlandish,"",Drawings and Prints,false,false,1567,415711,Print
1963,"",American,"",Drawings and Prints,false,false,1891,417553,Photograph
1963,"",American,"",Drawings and Prints,false,false,1891,417619,Photograph
1963,"",American,"",Drawings and Prints,false,false,1891,417839,Photograph
1963,"",American,"",Drawings and Prints,false,false,1891,417319,Photograph
1917,"","","",Drawings and Prints,false,false,1700,417413,Print
1957,"",French,"",Drawings and Prints,false,false,1623,417420,Print
1957,"",French,"",Drawings and Prints,false,false,1631,419208,Print
1963,"",American,"",Drawings and Prints,false,false,1899,419211,Photograph
1963,"",American,"",Drawings and Prints,false,false,1899,419221,Photograph
1962,"","","",Drawings and Prints,false,false,1700,418755,Print
1957,"",French,"",Drawings and Prints,false,false,1620,418791,Print
1951,"","","",Drawings and Prints,false,false,1882,418803,Book
1917,"",French,"",Drawings and Prints,false,false,1628,419015,Print
1951,"",French,"",Drawings and Prints,false,false,1690,419037,Prints Collection Ornament & Architecture
1957,"",French,"",Drawings and Prints,false,false,1628,419047,Print
1963,"","","",Drawings and Prints,false,false,1910,419064,Print
1963,"",American,"",Drawings and Prints,false,false,1899,419094,Photograph
2012,"",French,"",Drawings and Prints,false,false,1700,419133,Prints Collection Ornament & Architecture
2013,"",British,"",Drawings and Prints,false,false,1864,420452,Drawing
1954,"","American, born England","",Drawings and Prints,false,false,1824,418429,Print
1963,"",American,"",Drawings and Prints,false,false,1891,418526,Photograph
1963,"",American,"",Drawings and Prints,false,false,1891,418649,Photograph
1963,"",American,"",Drawings and Prints,false,false,1889,420748,Print
1922,"",French,"",Drawings and Prints,false,false,1633,420815,Print
1957,"",French,"",Drawings and Prints,false,false,1635,420911,Print
1963,"",American,"",Drawings and Prints,false,false,1888,420021,Print
1917,"",French,"",Drawings and Prints,false,false,1636,420134,Print
1932,"",British,"",Drawings and Prints,false,false,1790,421471,Print
1963,"",American,"",Drawings and Prints,false,false,1887,421566,Print
1917,"",French,"",Drawings and Prints,false,false,1636,419805,Print
1917,"",French,"",Drawings and Prints,false,false,1636,419820,Print
1917,"",French,"",Drawings and Prints,false,false,1636,419851,Print
1963,"",American,"",Drawings and Prints,false,false,1898,419892,Photograph
1963,"",American,"",Drawings and Prints,false,false,1890,421834,Print
1924,"",American,"",Drawings and Prints,false,false,1834,421892,Print
1957,"",French,"",Drawings and Prints,false,false,1635,422033,Print
1957,"",French,"",Drawings and Prints,false,false,1620,421105,Print
1957,"",French,"",Drawings and Prints,false,false,1620,421141,Print
1938,"",American,"",Drawings and Prints,false,false,1863,421364,Print
1963,"",American,"",Drawings and Prints,false,false,1888,423319,Print
1963,"",American,"",Drawings and Prints,false,false,1895,420578,Print
1963,"",American,"",Drawings and Prints,false,false,1888,420695,Print
1963,"",American,"",Drawings and Prints,false,false,1887,422550,Photograph
1963,"",American,"",Drawings and Prints,false,false,1887,422569,Photograph
1963,"",American,"",Drawings and Prints,false,false,1886,422636,Print
1928,"",Netherlandish,"",Drawings and Prints,false,false,1553,422767,Print
1973,"",Netherlandish,"",Drawings and Prints,false,false,1565,422790,Print
1928,"",Netherlandish,"",Drawings and Prints,false,false,1565,422801,Print
1953,"",French,"",Drawings and Prints,false,false,1617,421640,Print
1963,"",American,"",Drawings and Prints,false,false,1890,421772,Print
1963,"",American,"",Drawings and Prints,false,false,1888,423637,Print
1975,"",French,"",Drawings and Prints,false,false,1795,423678,Print
1958,"",Russian,"",Drawings and Prints,false,false,1855,423750,Print
1963,"",American,"",Drawings and Prints,false,false,1888,423764,Print
1963,"",American,"",Drawings and Prints,false,false,1888,423847,Print
1963,"",American,"",Drawings and Prints,false,false,1890,422190,Print
1957,"",French,"",Drawings and Prints,false,false,1628,422240,Print
1937,"",Dutch,"",Drawings and Prints,false,false,1630,422367,Print Collection Ornament & Architecture
2013,"",British,"",Drawings and Prints,false,false,1864,424438,Drawing
1963,"",American,"",Drawings and Prints,false,false,1889,424509,Print
1970,"","American, born England","",Drawings and Prints,false,false,1969,422068,Print
1963,"",American,"",Drawings and Prints,false,false,1888,422086,Print
1944,"",French,"",Drawings and Prints,false,false,1631,422152,Print
1924,Female,French,"",Drawings and Prints,false,false,1760,424120,Print
1963,"",American,"",Drawings and Prints,false,false,1889,424243,Print
1930,"",French,"",Drawings and Prints,false,false,1779,424392,Print
1955,"",French,"",Drawings and Prints,false,false,1788,425403,Print
1957,"",French,"",Drawings and Prints,false,false,1638,420925,Print
1949,"",Netherlandish,"",Drawings and Prints,false,false,1577,420947,Print
1947,"",Netherlandish,"",Drawings and Prints,false,false,1571,420949,Print
1963,"",American,"",Drawings and Prints,false,false,1900,422878,Print
1963,"",American,"",Drawings and Prints,false,false,1900,422885,Print
1963,"",American,"",Drawings and Prints,false,false,1889,422943,Print
1963,"",American,"",Drawings and Prints,false,false,1889,423122,Print
1921,"",British,"",Drawings and Prints,false,false,1822,426353,Print
1963,"",American,"",Drawings and Prints,false,false,1888,423531,Print
1924,"",French,"",Drawings and Prints,false,false,1782,424936,Print
1963,"",American,"",Drawings and Prints,false,false,1889,425113,Print
1963,"",American,"",Drawings and Prints,false,false,1889,425164,Print
1963,"",American,"",Drawings and Prints,false,false,1888,425227,Print
1963,"",American,"",Drawings and Prints,false,false,1888,425281,Print
1963,"",American,"",Drawings and Prints,false,false,1888,425287,Print
1977,"","American, born Germany","",Drawings and Prints,false,false,1966,426678,Print
1945,"",French,"",Drawings and Prints,false,false,1820,426794,Print
1963,"",American,"",Drawings and Prints,false,false,1890,424619,Print
1963,"",American,"",Drawings and Prints,false,false,1890,424642,Print
1963,"",American,"",Drawings and Prints,false,false,1890,424654,Print
1963,"",American,"",Drawings and Prints,false,false,1888,424709,Print
1963,"",American,"",Drawings and Prints,false,false,1888,424762,Print
1986,"",British,"",Drawings and Prints,false,false,1921,427137,Print
1963,"",American,"",Drawings and Prints,false,false,1888,427213,Print
1964,"",French,"",Drawings and Prints,false,false,1929,423915,Drawing; Ornament & Architecture
1946,"",French,"",Drawings and Prints,false,false,1822,426063,Print
1946,"",French,"",Drawings and Prints,false,false,1822,426156,Print
1970,"","American, born Germany","",Drawings and Prints,false,false,1965,426190,Print
1946,"",French,"",Drawings and Prints,false,false,1822,426316,Print
1960,Female,Canadian,"",Drawings and Prints,false,false,1918,428127,Print
1924,"",French,"",Drawings and Prints,false,false,1770,425541,Print
1963,"",American,"",Drawings and Prints,false,false,1887,425627,Print
1926,"",American,"",Drawings and Prints,false,false,1926,427580,Print
1964,"",French,"",Drawings and Prints,false,false,1774,427673,Print
1945,"",French,"",Drawings and Prints,false,false,1822,426564,Print
1953,"",French,"",Drawings and Prints,false,false,1658,428499,Print
2014,"",German,"",Drawings and Prints,false,false,1852,428624,Print
1961,"",American,"",Drawings and Prints,false,false,1961,428642,Print
1953,"",French,"",Drawings and Prints,false,false,1678,428745,Print
1955,"",American,"",Drawings and Prints,false,false,1950,428799,Print
1963,"",American,"",Drawings and Prints,false,false,1892,427916,Print
1963,"",American,"",Drawings and Prints,false,false,1892,427924,Print
1963,"",American,"",Drawings and Prints,false,false,1888,427990,Print
1963,"",American,"",Drawings and Prints,false,false,1893,428113,Print
1954,"",American,"",Drawings and Prints,false,false,1954,429295,Print
1970,"",Dutch,"",Drawings and Prints,false,false,1675,429495,Print
1920,"",German,"",Drawings and Prints,false,false,1518,429643,Print
1967,"",Russian,"",Drawings and Prints,false,false,1825,426929,Print
1963,"",American,"",Drawings and Prints,false,false,1892,426990,Print
1928,"",German,"",Drawings and Prints,false,false,1538,430053,Print
1917,"",American,"",Drawings and Prints,false,false,1917,430536,Print
1965,"","American, born Cuba","",Drawings and Prints,false,false,1965,430571,Drawing
1949,"",German,"",Drawings and Prints,false,false,1531,430629,Print
1970,"",Dutch,"",Drawings and Prints,false,false,1675,428278,Print
1963,"",American,"",Drawings and Prints,false,false,1889,428298,Print
1917,"",German,"",Drawings and Prints,false,false,1550,428428,Print
1963,"",British,"",Drawings and Prints,false,false,1856,431152,Print
1986,"",German,"",Drawings and Prints,false,false,1800,431200,Print
1933,"",French,"",Drawings and Prints,false,false,1682,431208,Print collection ornament & architecture
1953,Female,British,"",Drawings and Prints,false,true,1784,431235,Print
1955,"",American,"",Drawings and Prints,false,false,1865,429788,Print
1956,"",American,"",Drawings and Prints,false,false,1946,429794,Print
1930,"",American,"",Drawings and Prints,false,false,1929,429796,Print
1955,"",American,"",Drawings and Prints,false,false,1955,431362,Print
1933,"",French,"",Drawings and Prints,false,false,1682,431414,Print collection ornament & architecture
1965,"","American, born Cuba","",Drawings and Prints,false,false,1956,431610,Drawing
1933,"",French,"",Drawings and Prints,false,false,1682,431669,Print collection ornament & architecture
2011,"",American,"",Drawings and Prints,false,false,1957,432216,Print
2011,"",American,"",Drawings and Prints,false,false,1957,432219,Print
1933,"",French,"",Drawings and Prints,false,false,1659,432242,Print collection ornament & architecture
1973,"",American,"",Drawings and Prints,false,false,1943,432408,Print
1962,"","American, born Germany","",Drawings and Prints,false,false,1958,432621,Print
1949,"",Netherlandish,"",Drawings and Prints,false,false,1608,433163,Print
1949,"",Netherlandish,"",Drawings and Prints,false,false,1608,433184,Print
1933,"",French,"",Drawings and Prints,false,false,1682,433300,Print collection ornament & architecture
1963,"","","",Drawings and Prints,false,false,1911,434506,"Baseball card, print"
1959,"",Netherlandish,"",Drawings and Prints,false,false,1589,434573,Print
1933,"",French,"",Drawings and Prints,false,false,1682,430906,Print collection ornament & architecture
1963,"","","",Drawings and Prints,false,false,1909,433380,"Baseball card, print"
1963,"","","",Drawings and Prints,false,false,1909,433396,"Baseball card, print"
1963,"","","",Drawings and Prints,false,false,1910,433528,"Baseball card, print"
1963,"","","",Drawings and Prints,false,false,1910,433533,"Baseball card, print"
1968,"","","",Drawings and Prints,false,false,1841,433565,Poster
1963,"","","",Drawings and Prints,false,false,1910,433601,"Baseball card, print"
1933,"",French,"",Drawings and Prints,false,false,1682,433657,Print collection ornament & architecture
1949,"",Netherlandish,"",Drawings and Prints,false,false,1562,435562,Print ornament & architecture
1963,"","","",Drawings and Prints,false,false,1910,433750,"Baseball card, print"
1953,"",French,"",Drawings and Prints,false,false,1682,433789,Print collection ornament & architecture
1953,"",French,"",Drawings and Prints,false,false,1682,433909,Print collection ornament & architecture
1949,"",Netherlandish,"",Drawings and Prints,false,false,1588,433990,Print
1918,"",French,"",Drawings and Prints,false,false,1751,435180,Print collection ornament & architecture
1949,Female,Dutch,"",Drawings and Prints,false,false,1638,435182,Print
1918,"",French,"",Drawings and Prints,false,false,1751,435325,Print collection ornament & architecture
1917,"",British,"",Drawings and Prints,false,false,1865,435344,Print
1887,"",French,"",European Paintings,false,false,1879,436188,Painting
1932,"",German,"",European Paintings,false,true,1510,436243,Painting
1915,"",German,"",European Paintings,false,false,1820,436471,"Painting, miniature"
1957,"",Netherlandish,"",Drawings and Prints,false,false,1600,432812,Print
1966,Female,American,"",Drawings and Prints,false,false,1967,435006,Print
1926,Female,Austrian,"",Drawings and Prints,false,false,1926,435072,Print
1949,"",Netherlandish,"",European Paintings,false,false,1540,437205,Painting
1914,"",Netherlandish,"",European Paintings,false,false,1523,437229,Painting
1962,"",American,"",Drawings and Prints,false,false,1960,429137,Print
1962,"",American,"",Drawings and Prints,false,false,1934,429168,Print
1949,"",Netherlandish,"",Drawings and Prints,false,false,1588,434096,Print
1963,"",American,"",Drawings and Prints,false,false,1909,434309,"Baseball card, print"
1963,"",American,"",Drawings and Prints,false,false,1909,434311,"Baseball card, print"
1963,"",American,"",Drawings and Prints,false,false,1910,434338,"Baseball card, print"
1963,"",American,"",Drawings and Prints,false,false,1910,434339,"Baseball card, print"
1964,"",Dutch,"",European Paintings,false,false,1647,436559,Painting
1880,"",French,"",European Paintings,false,false,1815,436569,Painting
1925,"",German,"",European Paintings,false,false,1540,436663,"Painting, miniature"
1889,"",German,"",European Paintings,false,false,1547,435776,Painting
1941,"",Italian,"",European Paintings,false,false,1515,435901,Painting
1890,"","","",Islamic Art,false,false,499,443961,Textile fragment
1890,"","","",Islamic Art,false,false,699,443991,Textile fragment
1920,"",Dutch,"",European Paintings,false,false,1670,437876,Painting
1948,"",French,"",European Paintings,false,false,1799,437886,Painting
1934,"",French,"",European Paintings,true,true,1720,437926,Painting
1930,"",Italian,"",European Paintings,false,false,1532,437957,Painting
2009,"",British,"",European Paintings,false,true,1827,439358,Painting
1959,"",Italian,"",Drawings and Prints,false,false,1659,427234,Print
1889,"","","",Islamic Art,false,false,399,443302,Textile fragment
1889,"","","",Islamic Art,false,false,625,443330,Textile fragment
1889,"","","",Islamic Art,false,false,599,443389,Textile fragment
1889,"","","",Islamic Art,false,false,399,443529,Textile fragment
1889,"","","",Islamic Art,false,false,399,443533,Textile fragment
1917,"",Dutch,"",European Paintings,false,false,1669,437404,Painting
1982,"",Russian,"",European Paintings,false,false,1699,437564,Painting
1955,"",French,"",European Paintings,false,false,1906,437672,Painting
1891,"","","",Islamic Art,false,false,1399,444584,Candlestick
2009,"",British,"",European Paintings,false,false,1842,440356,Painting
1924,"",Italian,"",European Paintings,false,false,1329,442750,"Painting, part of a polyptych"
2013,"",French,"",European Paintings,false,true,1647,442761,Painting
1879,"","","",Islamic Art,false,false,1825,443088,Towel end
1883,"","","",Islamic Art,false,false,1899,443144,Bottle
1908,"","","",Islamic Art,false,false,1499,445560,Fragment
1890,"","","",Islamic Art,false,false,599,443740,Textile fragment
1911,"",Iranian,"",Islamic Art,false,false,1499,446179,Folio from a non-illustrated manuscript
1913,"",Iranian,"",Islamic Art,false,false,1425,446294,Folio from an illustrated manuscript
1917,"",Italian,"",European Paintings,false,false,1469,436898,"Painting, drawing"
1950,"",French,"",European Paintings,false,false,1883,436956,Painting
1909,"",Italian,"",European Paintings,false,false,1470,436994,Painting
1950,"",Netherlandish,"",European Paintings,false,true,1485,437030,Painting
1915,"","","",Islamic Art,false,false,1599,446824,Textile fragment
1890,"","","",Islamic Art,false,false,599,444046,Textile fragment
1890,"","","",Islamic Art,false,false,699,444293,Textile fragment
1891,"","","",Islamic Art,false,false,1799,444469,Dish
